"concentration_regime","hhi","hours_coordination","mkr_movilizado","n_lock_events","n_voters","participation_tier","spell_address","top1_share_pct","total_mkr","ts_lift","ts_propose","kappa_coord","whale_present","micro_spell","year","post_sky","log_kappa","log_mkr","log_hours"
"moderate_concentration",7016.04343916967,24.023056,41.5538,3,3,"small","0x53e4f0470fbf522617e16c21b1a4a68a6ad319b6",82.8581260919579,41.5538,2020-03-14 07:15:47,2020-03-13 07:14:24,998.2492644128,0,0,2020,0,6.90700426145186,3.75076915772978,3.21979763986617
"high_concentration",9982.63113688093,24.013611,2416.4,3,3,"medium","0x5274df1036ac52236df90a501aa2413ae88ccf9a",99.9130938586327,2416.4,2020-03-16 19:16:16,2020-03-15 19:15:27,58026.4896204,0,0,2020,0,10.9686721362179,7.79044786142536,3.21942011671452
"high_concentration",9479.04641814813,4.031389,41.1,2,2,"small","0x99ee7f998fcdc8e41ea0041898a7abec0dacda65",97.323600973236,41.1,2020-03-17 02:58:08,2020-03-16 22:56:15,165.6900879,0,0,2020,0,5.11613632728103,3.74004774068834,1.6156960891323
"high_concentration",10000,4.028333,1,1,1,"small","0x5051133a811bc46cc12cf3255b67495070e68e14",100,1,2020-04-09 22:00:43,2020-04-09 17:59:01,4.028333,0,0,2020,0,1.61508851765189,0.693147180559945,1.61508851765189
"high_concentration",10000,12.031111,1.0003,1,1,"small","0xe4a2a3be09ac70ebf0c67cb020f6000fbbb61ead",100,1.0003,2020-05-01 01:58:27,2020-04-30 13:56:35,12.0347203333,0,0,2020,0,2.56761659209585,0.69329716931107,2.56733965227552
"moderate_concentration",4071.07129146531,12.0125,7.89048523607271,4,3,"small","0xa00b87b19d9891d6b828fd52240c82ed6f73a733",50.6939672317402,7.89048523607271,2020-05-03 04:08:31,2020-05-02 16:07:46,94.7844538983235,0,0,2020,0,4.56210039517308,2.18498163027166,2.56591043394109
"high_concentration",10000,12.007222,1.23749992120403,1,1,"small","0x5424f9c697ea41484e8e88a5bee7b00accdd7f79",100,1.23749992120403,2020-05-24 05:50:50,2020-05-23 17:50:24,14.8589362788793,0,0,2020,0,2.76373314452992,0.805359135950799,2.56550474166871
"high_concentration",10000,12.025833,1.58964859942841,1,1,"small","0x7cdf5614052c5dee27403acf58c0446a5b8cda84",100,1.58964859942841,2020-05-29 01:04:05,2020-05-28 13:02:32,19.11684858541,0,0,2020,0,3.00155770201979,0.951522190610274,2.56693453952921
"high_concentration",10000,12.001389,2.1702518356241,1,1,"small","0x076ceb2858dd7fe738cfeea797b5649fe99d7a32",100,2.1702518356241,2020-06-26 06:42:09,2020-06-25 18:42:04,26.0460365072888,0,0,2020,0,3.29754046987237,1.15381102814827,2.56505619790774
"moderate_concentration",6401.381229252,12.016944,1.621589,2,2,"small","0x898132b2173a6e1f669a7332b4f5e65fb4ad0d5a",76.4705612827911,1.621589,2020-07-04 09:18:21,2020-07-03 21:17:20,19.486544204016,0,0,2020,0,3.01976829034061,0.963780622482771,2.56625189340854
"moderate_concentration",5857.38226349808,12.014722,3.53552128798803,3,3,"small","0xc08ef39073ac83e49297e7c7b4d7f814f4c5560f",70.8020488663078,3.53552128798803,2020-07-07 03:49:17,2020-07-06 15:48:24,42.4783054002581,0,0,2020,0,3.7722620872584,1.51194002469828,2.56608117824914
"high_concentration",9690.61937255521,12.151111,2.2736156525917,2,2,"small","0x14b6c77a90424bfe061f3875b348fe803f629552",98.4283975191995,2.2736156525917,2020-07-20 03:17:08,2020-07-19 15:08:04,27.6269561659792,0,0,2020,0,3.35434879721562,1.18589507822504,2.57650624174699
"moderate_concentration",4999.40646697127,12.015556,10.0909518174407,3,3,"small","0x9337e566f20e06021f9d761656d3370311616a06",50.4407503823719,10.0909518174407,2020-07-23 04:58:35,2020-07-22 16:57:39,121.24839665576,0,0,2020,0,4.80605501297867,2.40612962431966,2.56614525747259
"high_concentration",10000,12.001389,1.44590365,1,1,"small","0x44df884de4fd2a3c1612ad3c3b10817cda3f9bb2",100,1.44590365,2020-07-27 07:27:08,2020-07-26 19:27:03,17.3528521601698,0,0,2020,0,2.90978499349435,0.89441464564695,2.56505619790774
"high_concentration",9913.23033696535,12.130278,667.9104,2,2,"medium","0x4d4e7d386325ba287b7c0e393cd377c28a3fe0e8",99.5642529297343,667.9104,2020-07-30 20:22:42,2020-07-30 08:14:53,8101.9388310912,0,0,2020,0,8.99998209351099,6.50565011991798,2.57492086097708
"moderate_concentration",5216.08347696623,19.82,301.631780348575,2,2,"medium","0x27b185d8c0488c3c723fc7766aad5cc30678e57d",60.3943127951354,301.631780348575,2020-08-31 14:00:31,2020-08-30 18:11:19,5978.34188650877,0,0,2020,0,8.69606578846518,5.71251682012437,3.03591406318682
"moderate_concentration",5668.75743441854,12.017222,27.5259551104795,3,3,"small","0xa029f77b711bae508e14a59a53409813a83faab6",72.4635958824256,27.5259551104795,2020-09-03 09:12:59,2020-09-02 21:11:57,330.785513324667,0,0,2020,0,5.8044887159372,3.3508143784647,2.56627324995978
"high_concentration",10000,12.015833,36074.7648247654,1,1,"large","0x1e6008579c6114bfe5c7e42b79a4e044525def98",100,36074.7648247654,2020-09-12 09:33:06,2020-09-11 21:32:09,433468.349648655,0,0,2020,0,12.979576368317,10.493376584381,2.5661665394718
"high_concentration",10000,12.004722,18.6434744825072,1,1,"small","0x9b84f7958a4feab60271082667d76b6a3a09be83",100,18.6434744825072,2020-09-15 06:24:43,2020-09-14 18:24:26,223.809728276593,1,0,2020,0,5.41525439233494,2.97774519575782,2.56531252227844
"high_concentration",7531.56978577376,12.007778,333.030019596895,2,2,"medium","0xb3ddf9d30b6554f9bd8211eb8002c7f8a5d63c3a",85.5778708312749,333.030019596895,2020-09-28 22:45:38,2020-09-28 10:45:10,3998.95054265516,1,0,2020,0,8.29403727568938,5.81123086797044,2.56554748623916
"high_concentration",10000,22.266389,24.8,1,1,"small","0xa3386693bf448ff68ddd466f15182c6894cac7c2",100,24.8,2020-09-30 14:00:14,2020-09-29 15:44:15,552.2064472,1,0,2020,0,6.31573125409724,3.25037449192757,3.14700978693158
"high_concentration",8961.13738923143,56.104722,90.9162273942355,4,4,"small","0xd966a044fb523c5a4dc1b9c7c1821a7387633c43",94.5925743564815,90.9162273942355,2020-10-19 14:00:52,2020-10-17 05:54:35,5100.82966324237,1,0,2020,0,8.53735451187284,4.52087759042491,4.04488681026552
"moderate_concentration",5627.19640810575,12.0025,19087.0548316039,3,3,"large","0x5916216b4dc1299701d0b180c9976f53a2572a44",68.1089886034955,19087.0548316039,2020-10-27 05:37:26,2020-10-26 17:37:17,229092.375616325,1,0,2020,0,12.3418849532105,9.85681801690293,2.56514164666509
"moderate_concentration",6046.23645630983,87.678611,13.6621460788691,9,9,"small","0x9d2a74dd61632da23187cc60d8f3f7470270f7f1",76.5619101099953,13.6621460788691,2020-11-12 14:00:10,2020-11-08 22:19:27,1197.87799147434,1,0,2020,0,7.08914139127957,2.68526907584473,4.48501872156726
"high_concentration",9918.29212095524,132.678611,12137.2315901959,9,7,"large","0xb2ea7eac188aa5c9e79e5ad7d113143453c5ba30",99.5903220585534,12137.2315901959,2020-11-23 14:00:12,2020-11-18 01:19:29,1610351.02877251,1,0,2020,0,14.2919633644714,9.40411538597947,4.89543849374842
"high_concentration",8047.53298691867,72.011389,21052.4280756501,9,7,"large","0xeb0aa803943b571ad8b587b6fa88aeed92fc8722",89.0397152101722,21052.4280756501,2020-11-24 14:27:07,2020-11-21 14:26:26,1516014.58755016,1,0,2020,0,14.2315961271568,9.95481867980139,4.29061544267815
"high_concentration",9678.51180109331,72.023333,1280.20366181143,2,2,"medium","0x3c1f051c43b31ea308b916c6c2281aa3004a7afa",98.365854696745,1280.20366181143,2020-11-27 06:57:35,2020-11-24 06:56:11,92204.5346424638,1,0,2020,0,11.4317754364032,7.15555527584162,4.29077902021455
"high_concentration",10000,73.690833,101.211001883591,1,1,"medium","0x7bbc55e3a4786c8ce72df1cbacb637b803726a66",100,101.211001883591,2020-12-03 13:24:55,2020-11-30 11:43:28,7458.32303756638,1,0,2020,0,8.91721994344564,4.62703932250008,4.31335736707154
"high_concentration",9990.02785962728,91.011389,4760.80576959315,2,2,"medium","0x7f079caeec5fbd066bb7f97cdc49ea78cfdf379e",99.9501144124179,4760.80576959315,2020-12-07 14:01:15,2020-12-03 19:00:34,433287.545849886,1,0,2020,0,12.9791591726911,8.46838223864528,4.52191236286552
"moderate_concentration",5331.99409059308,50.915556,15.6257788015593,4,4,"small","0x7a32520918cb78d70b4934afc7d6e55ffde7531b",68.278128577969,15.6257788015593,2020-12-14 14:00:17,2020-12-12 11:05:21,795.595215614405,1,0,2020,0,6.68034666472198,2.81095443065129,3.94961847551219
"moderate_concentration",4828.24677342569,48.011667,63230.8685019907,7,7,"large","0xffaef7a3015005644adfd767d6bbde13d749785c",57.0524582050136,63230.8685019907,2020-12-21 15:10:19,2020-12-19 15:09:37,3035819.40263837,0,0,2020,0,14.9259922598317,11.0545637014936,3.89205837180965
"high_concentration",9052.33945904507,102.674444,525.874973260848,3,3,"medium","0x1bce152376d4fa26cf50cd5cec0436a48ce13d56",95.079647955187,525.874973260848,2020-12-28 14:01:07,2020-12-24 07:20:39,53993.9204930724,0,0,2020,0,10.8966452561789,6.26696327800565,4.64125564320512
"high_concentration",9098.6709346872,48.006111,30880.4800628835,6,5,"large","0x49114e6dfd52f9038cc87515e1fa55803e262e43",95.3310277389604,30880.4800628835,2021-01-07 07:36:01,2021-01-05 07:35:39,1482451.75363207,0,0,2021,0,14.209208539958,10.3379119324877,3.89194500462016
"moderate_concentration",6638.39876556467,48.022778,51.5808430420771,3,3,"small","0x0121724b014d207d61d7243b797f1f599c8fe955",78.9564001537122,51.5808430420771,2021-01-20 23:15:28,2021-01-18 23:14:06,2477.05537446251,0,0,2021,0,7.81522940837303,3.96235185268551,3.89228504724087
"moderate_concentration",6766.7296496182,48.168333,51.0858430420771,2,2,"small","0xb16cd7b7445323a487358b3cb21cf2fc38ec4fd1",79.7214539484376,51.0858430420771,2021-01-21 16:14:58,2021-01-19 16:04:52,2460.7198992365,0,0,2021,0,7.80861553066878,3.95289318519535,3.89524977806288
"moderate_concentration",5592.57854390555,48.023889,5938.01329710868,4,3,"medium","0x737e94aa226c9100f79dc2a8c5981d5ee29f5ece",67.362597553422,5938.01329710868,2021-01-27 01:03:47,2021-01-25 01:02:21,285166.491460871,0,0,2021,0,12.5608319759654,8.68929828696077,3.89230770991843
"moderate_concentration",5097.47950408918,48.071111,16.2608699392049,3,3,"small","0xe4365db41166a79d8d6a971db064509674e0ed3f",65.032092887296,16.2608699392049,2021-02-04 15:04:38,2021-02-02 15:00:22,781.67808380408,0,0,2021,0,6.6627214796574,2.84844208642482,3.89327049097043
"moderate_concentration",5262.82298907279,107.674444,5532.51307497191,5,4,"medium","0x024e44e282e0a317a230690eaf7cf1f466ed1544",63.2623900309132,5532.51307497191,2021-02-15 14:00:09,2021-02-11 02:19:41,595710.269270331,0,0,2021,0,13.2975113811319,8.61857816857761,4.6883566606897
"high_concentration",7743.08497981495,48.173333,532.175074971911,2,2,"medium","0x8657d9618b6c52255b5a66583b136b6e3470de68",87.0343420342184,532.175074971911,2021-02-15 19:25:55,2021-02-13 19:15:31,25636.6471009218,0,0,2021,0,10.1518171400891,6.27884984109772,3.89535146436143
"high_concentration",10000,48.041389,20,1,1,"small","0x15477d8d8cfac8db8f0e22931ad9bdf8fa5cd9b2",100,20,2021-02-25 15:11:40,2021-02-23 15:09:11,960.82778,0,0,2021,0,6.86883541177018,3.04452243772342,3.89266461504414
"high_concentration",9087.40507527186,48.009722,1784.86987131704,5,5,"medium","0xb4cd15d9b1f6b78d7103d546414d22ac78989b66",95.2450387178976,1784.86987131704,2021-03-03 16:19:39,2021-03-01 16:19:04,85691.1063281066,0,0,2021,0,11.3585159921535,7.4876608983772,3.8920186865936
"moderate_concentration",4022.34105491438,48.017778,154.834332881428,6,6,"medium","0xd76b708f9c824316ee248118eda069f8a6305106",44.8963335930603,154.834332881428,2021-03-04 15:17:18,2021-03-02 15:16:14,7434.80062307851,0,0,2021,0,8.9140615360933,5.04879347425243,3.89218304863523
"high_concentration",10000,51.815833,21.3,1,1,"small","0xc4f8a241016573ea779eca369a45a497881158d8",100,21.3,2021-03-09 14:00:39,2021-03-07 10:11:42,1103.6772429,0,0,2021,0,7.00730848341258,3.10458667846607,3.96681101318521
"high_concentration",9313.7751258748,48.013056,3524.73304536071,3,3,"medium","0x55c27274b656d7e4da86943858ab1dbed747a702",96.4612058911841,3524.73304536071,2021-03-19 16:57:38,2021-03-17 16:56:51,169233.205091954,0,0,2021,0,12.039038863477,8.16784364975719,3.89208671159899
"high_concentration",7889.10283963684,48.015556,1126.51432339521,4,4,"medium","0xae439ea157ff92b069fdb23e993050e6250fe38e",88.4942143474428,1126.51432339521,2021-03-24 13:08:18,2021-03-22 13:07:22,54090.2115797847,0,0,2021,0,10.8984270039451,7.0277707749726,3.89213771711564
"high_concentration",9166.12694459867,48.029722,16.1333206477826,2,2,"small","0x37e42c2b1006de2194483869f1357bed4c01c083",95.6405901835125,16.1333206477826,2021-04-11 00:02:47,2021-04-09 00:01:00,774.878905649858,0,0,2021,0,6.65399645858596,2.84102514339094,3.89242668564911
"high_concentration",10000,60.152222,53.4705761912325,1,1,"small","0xeebe373ae34cb1c62d1d44c180d4be3580e5e2ef",100,53.4705761912325,2021-04-16 14:02:03,2021-04-14 01:52:55,3216.37396952293,0,0,2021,0,8.07632076839166,3.99766066947866,4.11336619834955
"moderate_concentration",5720.65369359959,108.500278,31.135507917829,6,6,"small","0x10a43aeebeab81b412560737cd67d5652ee3c073",72.9552706249139,31.135507917829,2021-04-26 14:02:08,2021-04-22 01:32:07,3378.21126475565,0,0,2021,0,8.12539760762328,3.46996158444998,4.69592708806612
"high_concentration",8417.21547235721,63.913611,3179.02736863942,7,7,"medium","0x904b98b814583f80ff886e446f509e6e1caa85d0",91.5506155412977,3179.02736863942,2021-04-29 14:01:44,2021-04-26 22:06:55,203183.118597574,0,0,2021,0,12.2218678351241,8.06464508222757,4.17305732437155
"moderate_concentration",4814.60358188128,48.016111,76.0803373033402,4,4,"small","0x82c64a5b90ef982f770c6e5aa9b97e40f1ea26e7",55.1477017587442,76.0803373033402,2021-04-29 19:28:06,2021-04-27 19:27:08,3653.08192087462,0,0,2021,0,8.20360015619256,4.34484821955294,3.89214903998746
"high_concentration",10000,108.381111,27.4204167449965,1,1,"small","0x6efda6691fac6b9333b156b67d72bbcea21b746e",100,27.4204167449965,2021-05-17 14:03:57,2021-05-13 01:41:05,2971.85523090573,0,0,2021,0,7.99727812719617,3.34710778635442,4.694838215117
"moderate_concentration",2799.73702666837,48.921667,18789.8411166688,5,5,"large","0xb4399806bf4d238f315c3da4f1c61586afb4a1ac",34.0909492540491,18789.8411166688,2021-05-25 14:00:24,2021-05-23 13:05:06,919230.350092578,0,0,2021,0,13.7312931107799,9.84112485546464,3.91045511693311
"high_concentration",10000,48.009167,10.3594662071165,1,1,"small","0x6fbc6f2bcd2b00cd2a5177f05049045aa4decc4e",100,10.3594662071165,2021-05-27 18:26:39,2021-05-25 18:26:06,497.349343168312,0,0,2021,0,6.21130132339978,2.43005142337883,3.89200736224569
"high_concentration",9729.17072989924,92.519167,36.4166703212777,3,2,"small","0x06557e555740aa8e7a928790d70c0b5aae39c0ea",98.6270024261173,36.4166703212777,2021-06-21 14:05:59,2021-06-17 17:34:50,3369.24000303824,0,0,2021,0,8.12273923832933,3.6221163356276,4.53816640993851
"moderate_concentration",6536.26373626374,48.009167,455,3,3,"medium","0xf1eef50fbc69c4aaeb98df2de50977364f1450d6",77.8021978021978,455,2021-07-03 17:15:44,2021-07-01 17:15:11,21844.170985,0,0,2021,0,9.99173516854648,6.12249280951439,3.89200736224569
"moderate_concentration",5099.11418342861,48.013611,34.44446406,3,3,"small","0xe0690da4935e814a2ed1b312bcb183347dbb9e79",62.2741580842585,34.44446406,2021-07-18 17:14:14,2021-07-16 17:13:25,1653.80309848032,0,0,2021,0,7.41143730700532,3.5679670788654,3.89209803504836
"high_concentration",8394.34762545217,48.003333,11.3594662071165,2,2,"small","0xfc2b52fc691aca396cf7b2945f598bdab0154fda",91.1967694452621,11.3594662071165,2021-07-25 21:56:22,2021-07-23 21:56:10,545.292239042459,0,0,2021,0,6.30315406889853,2.51442226397046,3.89188831620551
"high_concentration",10000,48.005833,8000,1,1,"medium","0x9d9897888ff7d8ce9a13da0218ce8fc1ddb8663f",100,8000,2021-08-06 15:45:03,2021-08-04 15:44:42,384046.664,0,0,2021,0,12.858521948867,8.98732181285012,3.89193933184216
"high_concentration",7945.43492458436,48.817778,101.201757804384,3,3,"medium","0xcbec4d230a6be1d90c318e009c7825e6fb3c23f4",88.7376622377064,101.201757804384,2021-08-27 17:02:30,2021-08-25 16:13:26,4940.44494570416,0,0,2021,0,8.50541306654283,4.62694887727319,3.90837190827738
"high_concentration",9987.88005591376,48.047778,34.8759642979772,3,2,"small","0x8ca44c4f3260e0cac9c221d94703a65bad33450f",99.9393635117317,34.8759642979772,2021-09-21 19:39:56,2021-09-19 19:37:04,1675.71259012513,0,0,2021,0,7.42459036378724,3.58006755310466,3.89279488427171
"high_concentration",9982.01835277035,48.0225,37033.326,5,2,"large","0xa7535f13444cde3bd9e5e5313bcad4683bdce8ce",99.9100107832605,37033.326,2021-10-28 17:44:42,2021-10-26 17:43:21,1778432.897835,0,0,2021,0,14.3912437023114,10.5196004912808,3.89227937639153
"high_concentration",10000,48.006389,100.033175167311,1,1,"medium","0x9f3f502788361633eca4b5b7bce3d1e70825334a",100,100.033175167311,2021-11-16 04:19:21,2021-11-14 04:18:58,4802.23151998709,0,0,2021,0,8.47704420370673,4.61544892991087,3.89195067736598
"high_concentration",9205.96113693963,48.020556,79.9656650692453,2,2,"small","0x254fc7f2ba97c5b7fb79c0907aceb46eaa1e6f81",95.8582660866044,79.9656650692453,2021-11-22 14:03:13,2021-11-20 14:01:59,3839.99569753494,0,0,2021,0,8.25348690820337,4.3940251767725,3.8922397203449
"high_concentration",10000,48.013889,19,1,1,"small","0x17aae62dbfb316e8ce662e6d216a2a7397af05ad",100,19,2021-12-13 10:53:36,2021-12-11 10:52:46,912.263891,0,0,2021,0,6.81702487607162,2.99573227355399,3.89210370692615
"high_concentration",10000,48.02,1000,1,1,"medium","0xc97b446dbab390b90ca7a7cbe2ebaba027ceb1dc",100,1000,2022-01-24 20:27:55,2022-01-22 20:26:43,48020,0,0,2022,0,10.7793936942148,6.90875477931522,3.89222837809997
"high_concentration",10000,63.506667,542.48404437,2,1,"medium","0x54e30e7cb278d8341b71ee4681b32ade08c14559",100,542.48404437,2022-02-07 15:10:55,2022-02-04 23:40:31,34451.3535586188,0,0,2022,0,10.4473325922104,6.29800034894542,4.16676858280109
"moderate_concentration",5773.55727637183,48.016944,3.93670225673024,2,2,"small","0xaa4745e0e0894e90f51a2f4cd34f3a5be2606814",69.6666885414376,3.93670225673024,2022-03-01 15:42:30,2022-02-27 15:41:29,189.028411806089,0,0,2022,0,5.24717359680264,1.59669754891652,3.89216603425536
"high_concentration",9303.29599604684,48.010833,1044.63117666412,3,3,"medium","0x605007fcf904774aef51339150c516ad844f9ddc",96.3976590489779,1044.63117666412,2022-03-06 22:42:02,2022-03-04 22:41:23,50153.6129694144,0,0,2022,0,10.8228657725978,6.95237597887402,3.89204135530834
"high_concentration",9964.25066408931,65.710833,1001.79309790453,3,3,"medium","0x4a9488fe660981e56de4f76237e7882945fa8363",99.8210111540715,1001.79309790453,2022-03-14 14:00:35,2022-03-11 20:17:56,65828.6589569573,0,0,2022,0,11.0948257597855,6.91054448343689,4.20036735352699
"high_concentration",9509.28749864691,48.07,4103.19259644848,4,3,"medium","0xb8773f3130f41ee08175ff549992f6d7d7301f6b",97.4850657378891,4103.19259644848,2022-04-11 15:33:34,2022-04-09 15:29:22,197240.468111278,0,0,2022,0,12.1921839835839,8.31976431470866,3.89324785010181
"high_concentration",10000,54.804444,230.243722800453,1,1,"medium","0x004fc7b0ec8c9d91e84e4e4547049d0fd6e7e971",100,230.243722800453,2022-05-04 14:05:58,2022-05-02 07:17:42,12618.3792125689,0,0,2022,0,9.44298894412214,5.44347223137742,4.0218535077931
"moderate_concentration",5166.45836044091,94.248611,975.524877433638,19,18,"medium","0x0e7109eb07c1424ad29e82c131796b8f257ba8bb",62.2695264596347,975.524877433638,2022-05-23 14:19:17,2022-05-19 16:04:22,91941.8646940656,0,0,2022,0,11.4289226271744,6.88400022611474,4.55649043122332
"high_concentration",9967.40368872368,48.123333,1001.63403599704,12,12,"medium","0x6651ee09c01414c779c80802da819369541b17fb",99.8368629720726,1001.63403599703,2022-06-10 19:14:16,2022-06-08 19:06:52,48201.9682584193,0,0,2022,0,10.7831758802675,6.91038585198612,3.89433413577142
"high_concentration",9863.68093071404,48.008333,40906.7452069502,7,4,"large","0x9cf7c0b8017505cde07aa8c89c430110a7df86ee",99.3136945862353,40906.7452069502,2022-06-17 21:04:02,2022-06-15 21:03:32,1963864.64584142,0,0,2022,0,14.4904253571255,10.6190746934659,3.89199034487635
"high_concentration",9980.81748118389,49.573611,33658.3116,17,6,"large","0x02a180c206ef88b68e9ba7b5087a510cc611d26a",99.9040011264261,33658.3116,2022-07-01 16:40:37,2022-06-29 15:06:12,1668564.04617519,0,0,2022,0,14.3274745612355,10.4240450159611,3.92342991851453
"moderate_concentration",4927.9986790405,48.953333,2.22747098832869,5,5,"small","0xa68e15c57b99a72ffd4391b0ed9f0ff04263cb9e",49.8896720908968,2.22747098832869,2022-07-04 14:00:42,2022-07-02 13:03:30,109.042129039494,0,0,2022,0,4.70086328373811,1.17169885479933,3.91108922959516
"high_concentration",8283.35604979016,48.110556,1.10406663578239,11,10,"small","0x2ffcbbc0fb3c2e68b0c0ec5e4b291b2e7344e1a7",90.8844046117103,1.10406663578239,2022-07-08 23:38:53,2022-07-06 23:32:15,53.1172597085404,0,0,2022,0,3.99115316840167,0.743871965373183,3.89407400151018
"moderate_concentration",3804.06108623495,48.1,229.14279549997,13,12,"medium","0x591b141a048b7ae2c19b2b28364a95764f5a6b21",55.0599462334031,229.14279549997,2022-07-16 06:16:01,2022-07-14 06:10:01,11021.7684635485,0,0,2022,0,9.30771827289363,5.43869996627543,3.89385903480047
"high_concentration",9721.86166127538,48.603611,22947.6334556655,16,13,"large","0x1b4eb06e91835cc4c3b01bf9178812ef52976779",98.594044757213,22947.6334556655,2022-08-04 14:01:43,2022-08-02 13:25:30,1115337.84984975,0,0,2022,0,13.9246688179183,10.0410136693004,3.90406363350027
"high_concentration",7977.58248117579,48.142222,790.691952805433,7,7,"medium","0x183cac6af0586f4cadcbee507ee128d6bcacd1f0",88.5890649348292,790.691952805433,2022-08-06 18:39:05,2022-08-04 18:30:33,38065.6675255727,0,0,2022,0,10.5470943100991,6.67417236767636,3.89471858381596
"moderate_concentration",5812.86647426089,94.164722,22.3016438081351,3,3,"small","0x947037703f70ed0614866e27ae9c6a51dac955dd",71.3153436354926,22.3016438081351,2022-08-29 14:00:32,2022-08-25 15:50:39,2100.02808933606,0,0,2022,0,7.65018207026351,3.14852390778851,4.55560930589343
"high_concentration",9647.39239435857,103.943056,5.10661862577196,7,7,"small","0x81ceb2f28a28178aff2c8e60e328a0b2a8f4a16f",98.2158316011275,5.10661862577196,2022-09-05 14:03:47,2022-09-01 06:07:12,530.797545789258,0,0,2022,0,6.27626286388525,1.80937320358819,4.65341787923725
"high_concentration",9883.39784600503,48.034167,13972.9439271755,8,8,"large","0x6a2253534e10dbdda518afaf369b5a884e57de62",99.4135528804628,13972.9439271755,2022-09-10 08:30:45,2022-09-08 08:28:42,671178.722079582,0,0,2022,0,13.4167922222359,9.54494972645052,3.89251734083418
"high_concentration",9978.72521874814,48.026667,49.0522139296423,11,11,"small","0x3faede0e76ab191323cd5ef8d843c038b8e5c00b",99.8935543873368,49.0522139296423,2022-09-18 14:50:59,2022-09-16 14:49:23,2355.81434401169,0,0,2022,0,7.76506613191341,3.91306673914141,3.89236437456398
"high_concentration",9901.40485590898,97.146667,1.16518059184076,3,3,"small","0xcb2fc2694ba2089476fa93d2c69e19a1b8e8dc35",99.5050954434756,1.16518059184076,2022-10-10 14:02:35,2022-10-06 12:53:47,113.193410950417,0,0,2022,0,4.7378935981004,0.772503772220832,4.58646296191867
"high_concentration",9800.0111682432,48.03,1010.19387051748,13,6,"medium","0x62e89047d08d144e6d155128d75db330be9bc31e",98.990899587199,1010.19387051748,2022-10-23 18:40:47,2022-10-21 18:38:59,48519.6116009547,0,0,2022,0,10.7897439681095,6.91888696178154,3.89243235566314
"moderate_concentration",4645.61909170974,70.65,10.8664123801487,15,15,"small","0xd7ea09c5c9ef6bf51012371b50a4bba02fa3dedb",52.1279669477493,10.8664123801487,2022-10-31 14:02:11,2022-10-28 15:23:11,767.712034657506,0,0,2022,0,6.64471643208983,2.47371192032112,4.27179315427418
"high_concentration",9963.94747971024,48.016667,37.4874918304251,5,5,"small","0xcb4f7ad8f57340250adadc31927e7f5674a1a976",99.8195277988616,37.4874918304251,2022-11-12 09:23:11,2022-11-10 09:22:11,1800.02441188674,0,0,2022,0,7.49611089971304,3.65033330098493,3.8921603831323
"high_concentration",9956.90461467795,84.543333,120.284448584136,22,19,"medium","0x408cf7473eb2a868cad2e2d6a7709dde5fb02aca",99.784262897498,120.284448584136,2022-11-21 14:01:35,2022-11-18 01:28:59,10169.24819137,0,0,2022,0,9.22722189300933,4.79813860149952,4.44902306626694
"high_concentration",8197.09285603261,54.446667,22.8378528551176,5,4,"small","0x41826ecfe68fe454ba4cb35fcee4ab847c04f8e4",90.109538079917,22.8378528551176,2022-12-13 14:01:11,2022-12-11 07:34:23,1243.44496939759,0,0,2022,0,7.12644490178423,3.17127477333896,4.01542160378421
"high_concentration",9998.81132275275,48.036667,2000.4677,7,7,"medium","0x45af0c5fbb71638931724f97a9aead4c42044efe",99.9940563899132,2000.4677,2023-01-14 04:46:35,2023-01-12 04:44:23,96095.8007491559,0,0,2023,0,11.4731113035526,7.60163604040583,3.89256832439165
"moderate_concentration",4938.1497794451,48.026667,25.8790898345218,5,5,"small","0xf6d64872e763fbef88d45ab04df797501e4b3d42",54.0977294391726,25.8790898345218,2023-02-07 00:51:35,2023-02-05 00:49:59,1242.88642974566,0,0,2023,0,7.12599597471486,3.29134865475882,3.89236437456398
"high_concentration",10000,48.02,28.1988420706648,1,1,"small","0x15e94da27027e9ed4bfbb1e2b96e10432f55e643",100,28.1988420706648,2023-02-11 03:24:47,2023-02-09 03:23:35,1354.10839623333,0,0,2023,0,7.21163672733436,3.37412905337373,3.89222837809997
"high_concentration",9998.79831971318,98.856667,24332.4620601588,6,5,"large","0xef5dd07891eea254c87cf0451839a5950c9a00ea",99.9939913184487,24332.4620601588,2023-02-27 14:18:35,2023-02-23 11:27:11,2405426.09917125,0,0,2023,0,14.6932380337681,10.0996077215919,4.60373582778803
"moderate_concentration",5968.58728843944,86.466667,2961.26810533457,12,10,"medium","0xd83cb4e4b4db171d158ba0bb9c5fcbc780b7bad3",75.0016520287031,2961.26810533457,2023-03-13 14:02:11,2023-03-09 23:34:11,256050.983161685,0,0,2023,0,12.4531357620733,7.99371050569929,4.4712577722128
"moderate_concentration",6706.87940170752,48.036667,2790.79223446733,7,7,"medium","0x666a31c664ebea016575b92bd2697115096c298a",79.5831367369386,2790.79223446733,2023-03-13 16:16:23,2023-03-11 16:14:11,134060.357233293,0,0,2023,0,11.8060528639342,7.9344390465243,3.89256832439165
"high_concentration",9966.19040839464,16.036667,11816.0086027708,3,2,"large","0x7ea93d7aadf4555e89f40a9403fd3344e8d3d566",99.8306652995655,11816.0086027708,2023-03-16 10:20:59,2023-03-15 18:18:47,189489.395231771,0,0,2023,0,12.1520936174273,9.37729517963831,2.83536790367772
"high_concentration",9999.1707065363,16.05,2000.43175,3,3,"medium","0x77b6130a294f3beb1315c82bb47267504844ac06",99.9958533951483,2000.43175,2023-03-25 11:29:47,2023-03-24 19:26:47,32106.9295875,0,0,2023,0,10.3768583062598,7.6016180784258,2.83615020372953
"high_concentration",9999.9369603974,48.02,4000.012608,3,2,"medium","0x06af3b7da247e0fff84baec25ae64782e4610dad",99.9996848009935,4000.012608,2023-05-03 15:04:11,2023-05-01 15:02:59,192080.60543616,0,0,2023,0,12.1656755890243,8.29430276006447,3.89222837809997
"moderate_concentration",5000,95.33,2.00000000058346,2,2,"small","0xd95edfb198e75a85395520c3c25ee85be48c59f3",50.0000000145866,2.00000000058346,2023-05-08 14:00:47,2023-05-04 14:40:59,190.660000055622,0,0,2023,0,5.25572296920583,1.0986122888626,4.56777979676953
"high_concentration",9887.29074904422,117.533333,2214.53121435,5,5,"medium","0xa8e8d20dc46f924829e2650eac781df1aae8682f",99.4341369284479,2214.53121435,2023-05-23 14:33:47,2023-05-18 17:01:47,260281.234655093,0,0,2023,0,12.4695218391533,7.70324747961725,4.77519421215949
"high_concentration",7770.08310249307,48.033333,1.14,3,3,"small","0x674d7179c9febecceca7423c51ea5b0dcd168040",87.719298245614,1.14,2023-05-29 16:30:59,2023-05-27 16:28:59,54.75799962,0,0,2023,0,4.02102089098809,0.76080582903376,3.89250033214119
"high_concentration",9908.06424126693,96.416667,40.4843802230286,7,7,"small","0x28285b541473872f543e2a51524eb3787f310810",99.5390814952038,40.4843802230286,2023-06-19 14:00:47,2023-06-15 13:35:47,3903.36900666513,0,0,2023,0,8.26985146321612,3.72531697621987,4.5789973151058
"high_concentration",9907.51932813505,48.03,20.0932,4,4,"small","0xdc65cf0a65ad68d773d936f293a439a48f6105c7",99.5361614874684,20.0932,2023-06-20 06:03:59,2023-06-18 06:02:11,965.076396,0,0,2023,0,6.8732429159716,3.04895071365879,3.89243235566314
"moderate_concentration",6450.75083432899,79.726667,51.052205465827,6,5,"small","0x4c279d1092b2641c8d36947d7e8591ed4ae3726a",78.3511694255303,51.052205465827,2023-07-03 14:01:59,2023-06-30 06:18:23,4070.22218478957,0,0,2023,0,8.31169852446138,3.95224716622531,4.39106896678727
"high_concentration",10000,48.003333,50,2,1,"small","0x149ae9f9aa908df338f8d07bdec8d1e1ccf112c4",100,50,2023-08-20 14:25:11,2023-08-18 14:24:59,2400.16665,0,0,2023,0,7.78371000239235,3.93182563272433,3.89188831620551
"high_concentration",10000,48.003333,20.0982,1,1,"small","0x2e1cae21fdbae6e67b668815fae6fe5cbbdb9986",100,20.0982,2023-09-03 15:10:59,2023-09-01 15:10:47,964.7805873006,0,0,2023,0,6.8729366731138,3.04918772878621,3.89188831620551
"high_concentration",9999.85334185259,48.003333,2805.14751034477,3,3,"medium","0x5d4a94812109b99f6892cfa8da72cd864fd9edc6",99.9992667052294,2805.14751034477,2023-09-17 14:16:11,2023-09-15 14:15:59,134656.430053201,0,0,2023,0,11.810489277209,7.93956782889748,3.89188831620551
"high_concentration",9970.0599275525,48.003333,1.001501,3,3,"small","0x04abf76788f780607cb658a743587420cd6b1e8a",99.8501249624314,1.001501,2023-10-04 14:58:59,2023-10-02 14:58:47,48.075386002833,0,0,2023,0,3.89335760570129,0.693897399075648,3.89188831620551
"moderate_concentration",5663.96623233643,69.963333,7.93363681605151,20,7,"small","0x23d96dc93bb7af7173b0378435542750419c4e7d",73.1064470743771,7.93363681605152,2024-01-29 14:00:35,2024-01-26 16:02:47,555.063674462472,0,0,2024,0,6.32088281010791,2.18982357021773,4.26216330702228
"high_concentration",9978.76840995821,48.006667,20021.2767880749,2,2,"large","0xaf60f84e6efccafcbac320cc9edf92715fb06a27",99.8937291147806,20021.2767880749,2024-03-10 19:56:23,2024-03-08 19:55:59,961154.767679942,0,0,2024,0,13.7758917639745,9.90460077208101,3.89195635007963
"high_concentration",7626.21020983666,71.15,20860.7929632975,5,3,"large","0xc4a625af2fb869140542d1d9b0f505e9446fc23b",86.2862693267185,20860.7929632975,2024-03-18 14:00:23,2024-03-15 14:51:23,1484245.41933862,0,0,2024,0,14.2104177396918,9.94567467708052,4.27874728521988
"high_concentration",9977.47025717052,16.003333,31035,6,2,"large","0x9a09e438266f55dc4b3135cbfe1f491f96a13313",99.8872241018205,31035,2024-04-08 09:38:59,2024-04-07 17:38:47,496663.439655,0,0,2024,0,13.1156699053274,10.3429031000138,2.83340938366273
"moderate_concentration",5060.51395936591,30.003333,5794,3,3,"medium","0xe4768597ca81df6f2fd27945016b03e96a3a7e1d",57.4559889540904,5794,2024-04-24 21:23:35,2024-04-23 15:23:23,173839.311402,0,0,2024,0,12.0658924062426,8.66475075577385,3.43409471483473
"moderate_concentration",6041.82737455798,30.003333,67.9819356255281,3,3,"small","0x612938f231dfcd7f92181f11c9e0b575e7ed2ec1",75.0199292366851,67.9819356255281,2024-06-05 21:36:35,2024-06-04 15:36:23,2039.68465255728,0,0,2024,0,7.62104064453115,4.23384466779242,3.43409471483473
"high_concentration",9022.09184884667,48.026667,8.01307017,3,3,"small","0x261da1cdbd788642034288b6574d749198fdf75b",94.8450448924497,8.01307017,2024-07-01 14:00:23,2024-06-29 13:58:47,384.841052702223,0,0,2024,0,5.95542550409574,2.19867576496502,3.89236437456398
"high_concentration",10000,30.003333,3.34318483955151,1,1,"small","0x0871e28d09c29c419669d82901d53d60a649b36d",100,3.34318483955151,2024-07-07 20:17:35,2024-07-06 14:17:23,100.306688021616,0,0,2024,0,4.61815243100634,1.46860791298584,3.43409471483473
"high_concentration",9227.626524239,70.553333,59.2133374192082,5,5,"small","0x2523f0470adaac370f47a8cfe22e55b3761978f3",96.0258013775852,59.2133374192082,2024-11-18 14:00:23,2024-11-15 15:27:11,4177.69831297876,0,0,2024,1,8.33775506864286,4.09789387958989,4.27044308772674
"moderate_concentration",5005.88926815687,16.003333,39.1788981921669,2,2,"small","0xd62a9a774963139c770d62ed5bc07f1155b7cabc",51.7159936125856,39.1788981921669,2024-11-30 14:35:23,2024-11-29 22:35:11,626.992954342345,0,0,2024,1,6.44252894720518,3.69334193721307,2.83340938366273
"high_concentration",10000,30.003333,16.5383905446765,1,1,"small","0xd82df820cb008c2bc68d2be6135734af95d5da9b",100,16.5383905446765,2024-12-08 21:24:35,2024-12-07 15:24:23,496.20683879598,0,0,2024,1,6.20900611415978,2.86439222359346,3.43409471483473
"moderate_concentration",5475.06943249967,30.006667,469.84966,9,7,"medium","0xdce9c3a4b5b4d1f9c484b824142f96b701838eb8",70.93112720354,469.84966,2025-02-20 06:26:59,2025-02-19 00:26:35,14098.6222876832,0,0,2025,1,9.55390328789988,6.15453884985748,3.43420224587822
"high_concentration",9785.79156033083,43.623333,1.01094618174559,2,2,"small","0xd5a30d23beb361a8bf5d885ff1b9826b872eb3a6",98.9172339790939,1.01094618174559,2025-02-24 14:00:23,2025-02-22 18:22:59,44.1008419313664,0,0,2025,1,3.80890091443564,0.698605348495854,3.79825688365976
"high_concentration",10000,46.893333,46.8414126668652,1,1,"small","0xb1c5da0c4b212afb6a9860793cb51734554ca776",100,46.8414126668652,2025-03-10 14:00:47,2025-03-08 15:07:11,2196.54996237773,0,0,2025,1,7.69509836530894,3.86789163819606,3.86897630892587
"moderate_concentration",3327.50556307346,70.57,392.304978849623,6,6,"medium","0x382152b71e66ca54bf6567f7c1ae8c00050c74f4",51.4341485507977,392.304978849623,2025-04-07 14:00:35,2025-04-04 15:26:23,27684.9623574179,0,0,2025,1,10.2286807896216,5.97458533852271,4.27067599175051
"moderate_concentration",6193.65022559015,71.766667,84.998570986681,6,5,"small","0x9644e4f22a6faf3a5c49bc1f0de63498b29e6381",76.1888381160521,84.998570986681,2025-04-21 14:00:59,2025-04-18 14:14:59,6100.064139477,0,0,2025,1,8.71621848404152,4.45433067968151,4.28725797946864
"high_concentration",8351.6487816413,71.003333,9.66898834205564,4,4,"small","0xc290bf292900318eadade782a1f6953f6e13a331",91.1485062218255,9.66898834205564,2025-05-19 14:01:47,2025-05-16 15:01:35,686.530399024095,0,0,2025,1,6.53310604532551,2.36734124751547,4.2767124096113
